{"cameraMode":{"drawMode":0,"name":"Shaded","section":"Shading Mode"},"sceneLighting":true,"audioPlay":false,"sceneViewState":{"showFog":true,"showMaterialUpdate":false,"showSkybox":true,"showFlares":true,"showImageEffects":true,"showParticleSystems":true},"in2DMode":false,"pivot":{"x":-21.24931526184082,"y":5.034924507141113,"z":-24.348068237304689},"rotation":{"x":0.3908637464046478,"y":0.04139861464500427,"z":-0.01760074682533741,"w":0.9193485975265503},"size":13.008005142211914,"orthographic":false}