{"cameraMode":{"drawMode":0,"name":"Shaded","section":"Shading Mode"},"sceneLighting":true,"audioPlay":false,"sceneViewState":{"showFog":true,"showMaterialUpdate":false,"showSkybox":true,"showFlares":true,"showImageEffects":true,"showParticleSystems":true},"in2DMode":false,"pivot":{"x":-14.562560081481934,"y":0.8882961273193359,"z":-19.72635841369629},"rotation":{"x":0.3438085615634918,"y":-0.012111593037843705,"z":0.0044349017553031448,"w":0.9389514327049255},"size":11.07323932647705,"orthographic":false}