{"cameraMode":{"drawMode":0,"name":"Shaded","section":"Shading Mode"},"sceneLighting":false,"audioPlay":false,"sceneViewState":{"showFog":true,"showMaterialUpdate":false,"showSkybox":false,"showFlares":true,"showImageEffects":true,"showParticleSystems":true},"in2DMode":false,"pivot":{"x":-17.992000579833986,"y":0.07500000298023224,"z":-17.996000289916993},"rotation":{"x":0.3837558627128601,"y":-0.012465745210647583,"z":0.005181016866117716,"w":0.9233361482620239},"size":7.004737854003906,"orthographic":true}