{"cameraMode":{"drawMode":0,"name":"Shaded","section":"Shading Mode"},"sceneLighting":false,"audioPlay":false,"sceneViewState":{"showFog":true,"showMaterialUpdate":false,"showSkybox":false,"showFlares":true,"showImageEffects":true,"showParticleSystems":true},"in2DMode":false,"pivot":{"x":-9.53542423248291,"y":-75.83403015136719,"z":60.716514587402347},"rotation":{"x":0.36852505803108218,"y":0.05016390606760979,"z":-0.01991797424852848,"w":0.9280514121055603},"size":0.19828873872756959,"orthographic":false}