{"cameraMode":{"drawMode":0,"name":"Shaded","section":"Shading Mode"},"sceneLighting":true,"audioPlay":false,"sceneViewState":{"showFog":true,"showMaterialUpdate":false,"showSkybox":true,"showFlares":true,"showImageEffects":true,"showParticleSystems":true},"in2DMode":false,"pivot":{"x":-10.287460327148438,"y":6.430150985717773,"z":-24.997793197631837},"rotation":{"x":0.250791072845459,"y":-0.004356208257377148,"z":0.0011285842629149557,"w":0.9680306911468506},"size":27.7653751373291,"orthographic":true}