{"cameraMode":{"drawMode":0,"name":"Shaded","section":"Shading Mode"},"sceneLighting":false,"audioPlay":false,"sceneViewState":{"showFog":true,"showMaterialUpdate":false,"showSkybox":false,"showFlares":true,"showImageEffects":true,"showParticleSystems":true},"in2DMode":false,"pivot":{"x":4.574920654296875,"y":2.0999999046325685,"z":-9.664962768554688},"rotation":{"x":0.11427858471870423,"y":-0.4126647114753723,"z":0.052273742854595187,"w":0.9021743535995483},"size":15.006654739379883,"orthographic":false}