{"cameraMode":{"drawMode":0,"name":"Shaded","section":"Shading Mode"},"sceneLighting":true,"audioPlay":false,"sceneViewState":{"showFog":true,"showMaterialUpdate":false,"showSkybox":true,"showFlares":true,"showImageEffects":true,"showParticleSystems":true},"in2DMode":false,"pivot":{"x":-10.171348571777344,"y":8.233868598937989,"z":-10.567340850830079},"rotation":{"x":0.4202516973018646,"y":0.04896080493927002,"z":-0.022715644910931588,"w":0.9058014750480652},"size":22.381940841674806,"orthographic":true}